train_acc,train_loss,val_acc,val_loss
0.03189473684210526,4.341808,0.054000000000000006,4.107918
0.07677894736842107,3.9829159,0.11239999999999999,3.7624922
