train_acc,train_loss,val_acc,val_loss
0.02810526315789474,4.3855495,0.06,4.1132636
